bodega,codigo,nombre,unidad,categoria,promedio_referencia,foto_url
B01,9001,CAJA EJEMPLO 18 KG,Und.,Insumos de empaque,200,
B01,9002,TAPA EJEMPLO,Und.,Insumos de empaque,200,
B01,9003,SELLO ADHESIVO EJEMPLO,RO,Insumos de empaque,4,
B01,9004,ZUNCHO EJEMPLO,m,Insumos de empaque,370,
B01,9010,BOLSA DE CAMPO EJEMPLO,Und.,Materiales de embolse,500,
B01,9011,CINTA DE COLOR EJEMPLO,RO,Materiales de embolse,3,
B01,9020,GUANTE NITRILO EJEMPLO,Und.,Elementos de protección personal,10,
B01,9021,BOTA DE CAUCHO T-40 EJEMPLO,Und.,Elementos de protección personal,2,
B01,9030,FERTILIZANTE EJEMPLO SACO 50 KG,Und.,Fertilizantes,8,
B01,9040,HERBICIDA EJEMPLO X LITRO,l,Herbicidas,5,
B01,9050,MACHETE EJEMPLO,Und.,Herramientas de campo,2,
B01,9060,ACEITE 2 TIEMPOS EJEMPLO,gal,Repuestos y lubricantes,1,
B01,9070,UNION PVC 1/2 EJEMPLO,Und.,Tubería y accesorios de riego,6,
B01,9080,JABON EJEMPLO,Und.,Elementos de aseo,,
B02,9001,CAJA EJEMPLO 18 KG,Und.,Insumos de empaque,200,
B02,9002,TAPA EJEMPLO,Und.,Insumos de empaque,200,
B02,9003,SELLO ADHESIVO EJEMPLO,RO,Insumos de empaque,4,
B02,9010,BOLSA DE CAMPO EJEMPLO,Und.,Materiales de embolse,500,
B02,9011,CINTA DE COLOR EJEMPLO,RO,Materiales de embolse,3,
B02,9020,GUANTE NITRILO EJEMPLO,Und.,Elementos de protección personal,10,
B02,9030,FERTILIZANTE EJEMPLO SACO 50 KG,Und.,Fertilizantes,8,
B02,9040,HERBICIDA EJEMPLO X LITRO,l,Herbicidas,5,
B02,9050,MACHETE EJEMPLO,Und.,Herramientas de campo,2,
B02,9070,UNION PVC 1/2 EJEMPLO,Und.,Tubería y accesorios de riego,6,
B02,9080,JABON EJEMPLO,Und.,Elementos de aseo,,
