bodega,codigo,finca,lote,labor
B01,001,DON GASPAR,EMPACADORA,
B01,002,DON GASPAR,GENERAL,
B01,003,DON GASPAR,LOTE 1,
B01,004,DON GASPAR,LOTE 2,
B01,005,DON GASPAR,LOTE 3,
B01,006,DON GASPAR,LOTE 4,
B01,007,DON GASPAR,LOTE 5,
B01,008,DON GASPAR,LOTE 6,
B01,009,DON GASPAR,LOTE 7,
B01,010,DON GASPAR,LOTE 8,
B01,011,DON GASPAR,LOTE 9,
B01,012,DON GASPAR,LOTE 10,
B01,013,DON GASPAR,LOTE 11,
B01,014,EL REFUGIO,GENERAL,Gasto cargado a otra finca
B01,015,MARIA LAURA,GENERAL,Gasto cargado a otra finca
B01,016,LA ALEGRIA,GENERAL,Gasto cargado a otra finca
B01,017,MAROMA,GENERAL,Gasto cargado a otra finca
